{
    "$schema": "https://schema.management.azure.com/schemas/0.1.2-preview/CreateUIDefinition.MultiVm.json#",
    "handler": "Microsoft.Azure.CreateUIDef",
    "version": "0.1.2-preview",
    "parameters": {
        "basics": [
            {}
        ],
        "steps": [
            {
                "name": "applicationSettings",
                "label": "Application Settings",
                "subLabel": {
                    "preValidation": "Configure your application settings",
                    "postValidation": "Done"
                },
                "bladeTitle": "Application Settings",
                "elements": [
                    {
                        "name": "funcname",
                        "type": "Microsoft.Common.TextBox",
                        "label": "Name of the function to be created",
                        "toolTip": "Name of the function to be created",
                        "visible": true,
                        "constraints": {
                            "required": true
                        }
                    },
                    {
                        "name": "storagename",
                        "type": "Microsoft.Common.TextBox",
                        "label": "Name of the storage to be created",
                        "toolTip": "Name of the storage to be created",
                        "visible": true,
                        "constraints": {
                            "required": true
                        }
                    },
                    {
                        "name": "zipFileBlobUri",
                        "type": "Microsoft.Common.TextBox",
                        "defaultValue": "https://amawslab4.blob.core.windows.net/lab-4/functionpackage.zip",
                        "label": "The Uri to the uploaded function zip file",
                        "toolTip": "The Uri to the uploaded function zip file",
                        "visible": true
                    }
                ]
            }
        ],
        "outputs": {
            "funcname": "[steps('applicationSettings').funcname]",
            "storageName": "[steps('applicationSettings').storagename]",
            "zipFileBlobUri": "[steps('applicationSettings').zipFileBlobUri]"
        }
    }
}